owner_id,binding_role,language,path,line_start,line_end,bytes,sha256,span_sha256,span_hash_algorithm
urn:uuid:073c833d-a78e-5d87-ba16-90a1045dd722,source,zh-Hans,authority/source/AlJabr-1-c4f7a01f68f5f407906b4b970640cddbbad85f6b/chapter10.tex,930,933,140834,dae0d60d2319f62112ea1361bc567c4b0758a805e14aea06be4c71dd10b26489,60ecbc406c940acaff2a0bbe52b9d12c6502e5a4c94574f1cf84d128240f799c,sha256-utf8-lines-lf-v1
urn:uuid:073c833d-a78e-5d87-ba16-90a1045dd722,target,id-ID,repo/source/chapter10.tex,930,933,169341,7d9464e0fb680c67d107f8eb6d501c2b43e4a44f3696cd271c983ee75d3dda55,60ecbc406c940acaff2a0bbe52b9d12c6502e5a4c94574f1cf84d128240f799c,sha256-utf8-lines-lf-v1
urn:uuid:0a32812b-c087-53c5-836b-43e1ada42a69,source,zh-Hans,authority/source/AlJabr-1-c4f7a01f68f5f407906b4b970640cddbbad85f6b/chapter10.tex,1137,1137,140834,dae0d60d2319f62112ea1361bc567c4b0758a805e14aea06be4c71dd10b26489,679622fb406ee86bca445b5dc9d6a694b9443a26b9f93d95b6214b62a4616a78,sha256-utf8-lines-lf-v1
urn:uuid:0a32812b-c087-53c5-836b-43e1ada42a69,target,id-ID,repo/source/chapter10.tex,1137,1137,169341,7d9464e0fb680c67d107f8eb6d501c2b43e4a44f3696cd271c983ee75d3dda55,48a92b6b44a47c09fae99dacc6c7495a3c07d79f0fbf990190c3899db34651e8,sha256-utf8-lines-lf-v1
urn:uuid:0a7c9310-c781-5b99-83c3-c540ae21d8dd,source,zh-Hans,authority/source/AlJabr-1-c4f7a01f68f5f407906b4b970640cddbbad85f6b/chapter10.tex,601,707,140834,dae0d60d2319f62112ea1361bc567c4b0758a805e14aea06be4c71dd10b26489,4da05bd42ac63c6d46cf11d661e37d23c422d82c4a20207069d487c57ec7c129,sha256-utf8-lines-lf-v1
urn:uuid:0a7c9310-c781-5b99-83c3-c540ae21d8dd,target,id-ID,repo/source/chapter10.tex,601,707,169341,7d9464e0fb680c67d107f8eb6d501c2b43e4a44f3696cd271c983ee75d3dda55,a05d8c95188deba6c743cf183db6fdb7d87d091664d07b547e6d194b3a10f0c4,sha256-utf8-lines-lf-v1
urn:uuid:0a7e2f35-1fab-5cc4-9e49-81833ab490f7,source,zh-Hans,authority/source/AlJabr-1-c4f7a01f68f5f407906b4b970640cddbbad85f6b/chapter10.tex,165,165,140834,dae0d60d2319f62112ea1361bc567c4b0758a805e14aea06be4c71dd10b26489,ea349137187205adca4b596d8fc9b4906fd0991fd939cef547bc7e4a86bb4dbc,sha256-utf8-lines-lf-v1
urn:uuid:0a7e2f35-1fab-5cc4-9e49-81833ab490f7,target,id-ID,repo/source/chapter10.tex,165,165,169341,7d9464e0fb680c67d107f8eb6d501c2b43e4a44f3696cd271c983ee75d3dda55,21b30408ae2f7223f268d9bf685d086eb918d0a16044236f28075dda1c7c916e,sha256-utf8-lines-lf-v1
urn:uuid:0baf6c47-021d-5310-9475-81519e710250,rights-component,,authority/source/AlJabr-1-c4f7a01f68f5f407906b4b970640cddbbad85f6b/chapter10.tex,,,140834,dae0d60d2319f62112ea1361bc567c4b0758a805e14aea06be4c71dd10b26489,,
urn:uuid:0baf6c47-021d-5310-9475-81519e710250,rights-component,,build/chapter10-batch-candidate/chapter10-complete-id-final.tex,,,169341,7d9464e0fb680c67d107f8eb6d501c2b43e4a44f3696cd271c983ee75d3dda55,,
urn:uuid:0baf6c47-021d-5310-9475-81519e710250,rights-component,,repo/source/LICENSE,,,19045,48a83a6e39f7b2f166763b30776132c9a99aa816f17cb06f87ad5b8542a7b71f,,
urn:uuid:0baf6c47-021d-5310-9475-81519e710250,rights-component,,repo/source/chapter10.tex,,,169341,7d9464e0fb680c67d107f8eb6d501c2b43e4a44f3696cd271c983ee75d3dda55,,
urn:uuid:0eccf553-fad4-5a08-9d5c-df0b5cc05f3d,source,zh-Hans,authority/source/AlJabr-1-c4f7a01f68f5f407906b4b970640cddbbad85f6b/chapter10.tex,165,165,140834,dae0d60d2319f62112ea1361bc567c4b0758a805e14aea06be4c71dd10b26489,ea349137187205adca4b596d8fc9b4906fd0991fd939cef547bc7e4a86bb4dbc,sha256-utf8-lines-lf-v1
urn:uuid:0eccf553-fad4-5a08-9d5c-df0b5cc05f3d,target,id-ID,repo/source/chapter10.tex,165,165,169341,7d9464e0fb680c67d107f8eb6d501c2b43e4a44f3696cd271c983ee75d3dda55,21b30408ae2f7223f268d9bf685d086eb918d0a16044236f28075dda1c7c916e,sha256-utf8-lines-lf-v1
urn:uuid:10faf5cd-990f-5850-87b4-26922b062485,rights-component,,repo/source/AJbook.cls,,,13780,f35dbe8942a880dfe70c072bcfe0491d8cc83f562c28a481b949ca4cc84f0b04,,
urn:uuid:16173125-b2d2-5efe-ac47-c7b8641c0ff8,source,zh-Hans,authority/source/AlJabr-1-c4f7a01f68f5f407906b4b970640cddbbad85f6b/chapter10.tex,310,313,140834,dae0d60d2319f62112ea1361bc567c4b0758a805e14aea06be4c71dd10b26489,d0ee6357123a2ea113fda8bd533f84a47f67dec62e642b2e430d1a35aebdad8a,sha256-utf8-lines-lf-v1
urn:uuid:16173125-b2d2-5efe-ac47-c7b8641c0ff8,target,id-ID,repo/source/chapter10.tex,310,313,169341,7d9464e0fb680c67d107f8eb6d501c2b43e4a44f3696cd271c983ee75d3dda55,d0ee6357123a2ea113fda8bd533f84a47f67dec62e642b2e430d1a35aebdad8a,sha256-utf8-lines-lf-v1
urn:uuid:1a2a0ee3-b387-56af-89d6-b465a150e75b,source,zh-Hans,authority/source/AlJabr-1-c4f7a01f68f5f407906b4b970640cddbbad85f6b/chapter10.tex,64,64,140834,dae0d60d2319f62112ea1361bc567c4b0758a805e14aea06be4c71dd10b26489,df6718a7aca8da984894e731478fc41d4ff45eb21a16fdfacac63d435a6b2c1d,sha256-utf8-lines-lf-v1
urn:uuid:1a2a0ee3-b387-56af-89d6-b465a150e75b,target,id-ID,repo/source/chapter10.tex,64,64,169341,7d9464e0fb680c67d107f8eb6d501c2b43e4a44f3696cd271c983ee75d3dda55,6bf089db5fd9410a747b16df1455a515578571ae5fab0f8e19099cd5b0672ce3,sha256-utf8-lines-lf-v1
urn:uuid:1d9a8e6f-5afd-54d5-bac7-750aaad67ab5,source,zh-Hans,authority/source/AlJabr-1-c4f7a01f68f5f407906b4b970640cddbbad85f6b/chapter10.tex,1302,1306,140834,dae0d60d2319f62112ea1361bc567c4b0758a805e14aea06be4c71dd10b26489,d278d6d55d2ae6debfe0734eebd1e290d07cbaf6e3e53f033fc1c513c1b1e9ea,sha256-utf8-lines-lf-v1
urn:uuid:1d9a8e6f-5afd-54d5-bac7-750aaad67ab5,target,id-ID,repo/source/chapter10.tex,1302,1306,169341,7d9464e0fb680c67d107f8eb6d501c2b43e4a44f3696cd271c983ee75d3dda55,9e3cd200b42280d3b1c0249d59331bb32e0eca14adaf0481bfb553bbbcc04be1,sha256-utf8-lines-lf-v1
urn:uuid:20130888-1bdb-5216-be45-e6ba8bf19732,source,zh-Hans,authority/source/AlJabr-1-c4f7a01f68f5f407906b4b970640cddbbad85f6b/chapter10.tex,1282,1285,140834,dae0d60d2319f62112ea1361bc567c4b0758a805e14aea06be4c71dd10b26489,23f76be94612d06761367ec3a8dbacd3006abb53cbe6a098129b8606d426f679,sha256-utf8-lines-lf-v1
urn:uuid:20130888-1bdb-5216-be45-e6ba8bf19732,target,id-ID,repo/source/chapter10.tex,1282,1285,169341,7d9464e0fb680c67d107f8eb6d501c2b43e4a44f3696cd271c983ee75d3dda55,23f76be94612d06761367ec3a8dbacd3006abb53cbe6a098129b8606d426f679,sha256-utf8-lines-lf-v1
urn:uuid:23d324e4-4cd3-5924-ba8b-0e65013234be,source,zh-Hans,authority/source/AlJabr-1-c4f7a01f68f5f407906b4b970640cddbbad85f6b/chapter10.tex,905,908,140834,dae0d60d2319f62112ea1361bc567c4b0758a805e14aea06be4c71dd10b26489,3209f0d385176e5c3f6986f972673652a53e6a3267b1b8d2ccc2faced670e143,sha256-utf8-lines-lf-v1
urn:uuid:23d324e4-4cd3-5924-ba8b-0e65013234be,target,id-ID,repo/source/chapter10.tex,905,908,169341,7d9464e0fb680c67d107f8eb6d501c2b43e4a44f3696cd271c983ee75d3dda55,d2d8dbced65a4d65dc47fe6c6148958b67b25794f558acf5998cd75b08322ed9,sha256-utf8-lines-lf-v1
urn:uuid:27106581-377a-5884-9c54-283c0525f353,source,zh-Hans,authority/source/AlJabr-1-c4f7a01f68f5f407906b4b970640cddbbad85f6b/chapter10.tex,1115,1472,140834,dae0d60d2319f62112ea1361bc567c4b0758a805e14aea06be4c71dd10b26489,48887ea5555f88212e9fa11b51294bb49f3d5424bf0adedc7745f75081d40431,sha256-utf8-lines-lf-v1
urn:uuid:27106581-377a-5884-9c54-283c0525f353,target,id-ID,repo/source/chapter10.tex,1115,1472,169341,7d9464e0fb680c67d107f8eb6d501c2b43e4a44f3696cd271c983ee75d3dda55,a5dc78a297412063baf71369377d2cdcc7675994f6ac4c12523a8fef990937bc,sha256-utf8-lines-lf-v1
urn:uuid:2745d785-6426-5398-b1f9-26ba46dc652e,source,zh-Hans,authority/source/AlJabr-1-c4f7a01f68f5f407906b4b970640cddbbad85f6b/chapter10.tex,723,723,140834,dae0d60d2319f62112ea1361bc567c4b0758a805e14aea06be4c71dd10b26489,a2e28e18208cc28331acb09f9794d96d057c19e1a2e7bfe640e67ba8146cd375,sha256-utf8-lines-lf-v1
urn:uuid:2745d785-6426-5398-b1f9-26ba46dc652e,target,id-ID,repo/source/chapter10.tex,723,723,169341,7d9464e0fb680c67d107f8eb6d501c2b43e4a44f3696cd271c983ee75d3dda55,eb64a17176396382a9463e3327cf833581f2a765adf6f0fbc40936a38ddfc863,sha256-utf8-lines-lf-v1
urn:uuid:283340ea-c071-5edf-8f17-88521e4a8afe,source,zh-Hans,authority/source/AlJabr-1-c4f7a01f68f5f407906b4b970640cddbbad85f6b/chapter10.tex,656,656,140834,dae0d60d2319f62112ea1361bc567c4b0758a805e14aea06be4c71dd10b26489,d40f9aec2ed96514956a61b79c859a10987f0bae3d7440e966a318638453b66c,sha256-utf8-lines-lf-v1
urn:uuid:283340ea-c071-5edf-8f17-88521e4a8afe,target,id-ID,repo/source/chapter10.tex,656,656,169341,7d9464e0fb680c67d107f8eb6d501c2b43e4a44f3696cd271c983ee75d3dda55,45061b6ba1c7b85b22f5167cb5b7f1007669b0452e7ef908258ae45f6ef48130,sha256-utf8-lines-lf-v1
urn:uuid:2a74d0b9-b951-51b9-ab04-fe40890d7d41,source,zh-Hans,authority/source/AlJabr-1-c4f7a01f68f5f407906b4b970640cddbbad85f6b/chapter10.tex,609,609,140834,dae0d60d2319f62112ea1361bc567c4b0758a805e14aea06be4c71dd10b26489,5682b61ed61cbe70025b5718e338079186a125c191f2f447f1d826e3483eed88,sha256-utf8-lines-lf-v1
urn:uuid:2a74d0b9-b951-51b9-ab04-fe40890d7d41,target,id-ID,repo/source/chapter10.tex,609,609,169341,7d9464e0fb680c67d107f8eb6d501c2b43e4a44f3696cd271c983ee75d3dda55,f07aa723b0a7d8166f7c24fa04e05142a72cc81935817904ae68630e8a234217,sha256-utf8-lines-lf-v1
urn:uuid:34af50da-21d1-586f-a305-f47c761c2566,source,zh-Hans,authority/source/AlJabr-1-c4f7a01f68f5f407906b4b970640cddbbad85f6b/chapter10.tex,91,91,140834,dae0d60d2319f62112ea1361bc567c4b0758a805e14aea06be4c71dd10b26489,b7fc16ca1eb5c22a82ff800412235efc174e2d6d6354545bcdd83b43772b7e3f,sha256-utf8-lines-lf-v1
urn:uuid:34af50da-21d1-586f-a305-f47c761c2566,target,id-ID,repo/source/chapter10.tex,91,91,169341,7d9464e0fb680c67d107f8eb6d501c2b43e4a44f3696cd271c983ee75d3dda55,c498e45facd47b588050adffaa1d56cb0e071289a61fa11f5230e4dc98c48310,sha256-utf8-lines-lf-v1
urn:uuid:375a60c9-3302-5117-9450-11d95ab5259a,source,zh-Hans,authority/source/AlJabr-1-c4f7a01f68f5f407906b4b970640cddbbad85f6b/chapter10.tex,187,187,140834,dae0d60d2319f62112ea1361bc567c4b0758a805e14aea06be4c71dd10b26489,d77cb09aa104725995a67365b15dcb8ade3eb9f6777ce02ef0f9b33e8816db79,sha256-utf8-lines-lf-v1
urn:uuid:375a60c9-3302-5117-9450-11d95ab5259a,target,id-ID,repo/source/chapter10.tex,187,187,169341,7d9464e0fb680c67d107f8eb6d501c2b43e4a44f3696cd271c983ee75d3dda55,d77cb09aa104725995a67365b15dcb8ade3eb9f6777ce02ef0f9b33e8816db79,sha256-utf8-lines-lf-v1
urn:uuid:37f8c4d1-41e7-5854-828e-23870ceb1e2d,source,zh-Hans,authority/source/AlJabr-1-c4f7a01f68f5f407906b4b970640cddbbad85f6b/chapter10.tex,187,187,140834,dae0d60d2319f62112ea1361bc567c4b0758a805e14aea06be4c71dd10b26489,d77cb09aa104725995a67365b15dcb8ade3eb9f6777ce02ef0f9b33e8816db79,sha256-utf8-lines-lf-v1
urn:uuid:37f8c4d1-41e7-5854-828e-23870ceb1e2d,target,id-ID,repo/source/chapter10.tex,187,187,169341,7d9464e0fb680c67d107f8eb6d501c2b43e4a44f3696cd271c983ee75d3dda55,d77cb09aa104725995a67365b15dcb8ade3eb9f6777ce02ef0f9b33e8816db79,sha256-utf8-lines-lf-v1
urn:uuid:39d70209-3222-528b-a5f8-1a54cd3ed899,source,zh-Hans,authority/source/AlJabr-1-c4f7a01f68f5f407906b4b970640cddbbad85f6b/chapter10.tex,887,892,140834,dae0d60d2319f62112ea1361bc567c4b0758a805e14aea06be4c71dd10b26489,bba8aee021e4d69f54e97548778262e75a1c511f2503f538b29e23160b06b00f,sha256-utf8-lines-lf-v1
urn:uuid:39d70209-3222-528b-a5f8-1a54cd3ed899,target,id-ID,repo/source/chapter10.tex,887,892,169341,7d9464e0fb680c67d107f8eb6d501c2b43e4a44f3696cd271c983ee75d3dda55,bba8aee021e4d69f54e97548778262e75a1c511f2503f538b29e23160b06b00f,sha256-utf8-lines-lf-v1
urn:uuid:3bffa00b-c808-5e92-8f15-1865a2d7e7a5,source,zh-Hans,authority/source/AlJabr-1-c4f7a01f68f5f407906b4b970640cddbbad85f6b/chapter10.tex,1294,1297,140834,dae0d60d2319f62112ea1361bc567c4b0758a805e14aea06be4c71dd10b26489,d9e78daf5f75333ff8a1abb776d17c3e7516d69c3f0f0bf2c768a19179c800ef,sha256-utf8-lines-lf-v1
urn:uuid:3bffa00b-c808-5e92-8f15-1865a2d7e7a5,target,id-ID,repo/source/chapter10.tex,1294,1297,169341,7d9464e0fb680c67d107f8eb6d501c2b43e4a44f3696cd271c983ee75d3dda55,d9e78daf5f75333ff8a1abb776d17c3e7516d69c3f0f0bf2c768a19179c800ef,sha256-utf8-lines-lf-v1
urn:uuid:3f3f2c90-9fb1-5279-9a9c-1228bd5d07b6,source,zh-Hans,authority/source/AlJabr-1-c4f7a01f68f5f407906b4b970640cddbbad85f6b/chapter10.tex,329,329,140834,dae0d60d2319f62112ea1361bc567c4b0758a805e14aea06be4c71dd10b26489,4a17f4119ffa96dadda3f81c1175867bf3de44a5f864f1ac37b76776c5d181fa,sha256-utf8-lines-lf-v1
urn:uuid:3f3f2c90-9fb1-5279-9a9c-1228bd5d07b6,target,id-ID,repo/source/chapter10.tex,329,329,169341,7d9464e0fb680c67d107f8eb6d501c2b43e4a44f3696cd271c983ee75d3dda55,8bc238d686e14eb0fcd80b868aca7d62fd0593deec3a00533aca513cd68cab86,sha256-utf8-lines-lf-v1
urn:uuid:412e5a5c-9b4b-52ae-bb58-5c60637df05b,source,zh-Hans,authority/source/AlJabr-1-c4f7a01f68f5f407906b4b970640cddbbad85f6b/chapter10.tex,768,768,140834,dae0d60d2319f62112ea1361bc567c4b0758a805e14aea06be4c71dd10b26489,1a4951808ee17f22ca74fba0f05144bba46df07ccb2e4f72652e9de9e0fb65ec,sha256-utf8-lines-lf-v1
urn:uuid:412e5a5c-9b4b-52ae-bb58-5c60637df05b,target,id-ID,repo/source/chapter10.tex,768,768,169341,7d9464e0fb680c67d107f8eb6d501c2b43e4a44f3696cd271c983ee75d3dda55,c3f6e996dba872c09dddce7e1ba504ee0862b1891969b77a5bdedf012d6f8780,sha256-utf8-lines-lf-v1
urn:uuid:44543502-8aba-542c-88be-237a3aa5ce6a,source,zh-Hans,authority/source/AlJabr-1-c4f7a01f68f5f407906b4b970640cddbbad85f6b/chapter10.tex,374,377,140834,dae0d60d2319f62112ea1361bc567c4b0758a805e14aea06be4c71dd10b26489,a1c6b33806834eb419ebcc05eac2688e32a314e2128a2da6f36b5379ee2e9043,sha256-utf8-lines-lf-v1
urn:uuid:44543502-8aba-542c-88be-237a3aa5ce6a,target,id-ID,repo/source/chapter10.tex,374,377,169341,7d9464e0fb680c67d107f8eb6d501c2b43e4a44f3696cd271c983ee75d3dda55,a1c6b33806834eb419ebcc05eac2688e32a314e2128a2da6f36b5379ee2e9043,sha256-utf8-lines-lf-v1
urn:uuid:45efa477-a281-5117-aa4d-5a3c08661096,source,zh-Hans,authority/source/AlJabr-1-c4f7a01f68f5f407906b4b970640cddbbad85f6b/chapter10.tex,196,196,140834,dae0d60d2319f62112ea1361bc567c4b0758a805e14aea06be4c71dd10b26489,e7921e810971e7e58a0631cdaf074420bba8798db6b3f56d04ad7476067271dc,sha256-utf8-lines-lf-v1
urn:uuid:45efa477-a281-5117-aa4d-5a3c08661096,target,id-ID,repo/source/chapter10.tex,196,196,169341,7d9464e0fb680c67d107f8eb6d501c2b43e4a44f3696cd271c983ee75d3dda55,b3e53f9d8af612fc406d8bdaf415a1e64bb353bd1bb0000c66c83cd4e6cc3955,sha256-utf8-lines-lf-v1
urn:uuid:4b7aa5ef-9fc0-57ef-ab35-35fadd5ef8ba,source,zh-Hans,authority/source/AlJabr-1-c4f7a01f68f5f407906b4b970640cddbbad85f6b/chapter10.tex,1132,1132,140834,dae0d60d2319f62112ea1361bc567c4b0758a805e14aea06be4c71dd10b26489,81e5ca8c8846c26b8b0d3070f0857e4c9aa3f5caea9110422063e2207d8a1a0e,sha256-utf8-lines-lf-v1
urn:uuid:4b7aa5ef-9fc0-57ef-ab35-35fadd5ef8ba,target,id-ID,repo/source/chapter10.tex,1132,1132,169341,7d9464e0fb680c67d107f8eb6d501c2b43e4a44f3696cd271c983ee75d3dda55,116c58ab012648e18dbd504c0829301136a5b359fb88da374c698af96a58e7be,sha256-utf8-lines-lf-v1
urn:uuid:4e77a6fd-1498-5013-90f9-a048ecfeee2a,source,zh-Hans,authority/source/AlJabr-1-c4f7a01f68f5f407906b4b970640cddbbad85f6b/chapter10.tex,32,32,140834,dae0d60d2319f62112ea1361bc567c4b0758a805e14aea06be4c71dd10b26489,ad6ba4c72e047bb3f13f5a020ad1560b4d8136bbbdfa3bf65ffca526d20a5932,sha256-utf8-lines-lf-v1
urn:uuid:4e77a6fd-1498-5013-90f9-a048ecfeee2a,target,id-ID,repo/source/chapter10.tex,32,32,169341,7d9464e0fb680c67d107f8eb6d501c2b43e4a44f3696cd271c983ee75d3dda55,84e858ca1dcc88dcc397b1a49c1909e2342ceb4c3a2c7f16c9f946b53d652523,sha256-utf8-lines-lf-v1
urn:uuid:537d4677-e888-52a5-90d0-964d8405e3e0,source,zh-Hans,authority/source/AlJabr-1-c4f7a01f68f5f407906b4b970640cddbbad85f6b/chapter10.tex,599,599,140834,dae0d60d2319f62112ea1361bc567c4b0758a805e14aea06be4c71dd10b26489,6df798402bffa4f5754df09eb0b7fc3db849f23493da7dfd219e7d82706e4dfe,sha256-utf8-lines-lf-v1
urn:uuid:537d4677-e888-52a5-90d0-964d8405e3e0,target,id-ID,repo/source/chapter10.tex,599,599,169341,7d9464e0fb680c67d107f8eb6d501c2b43e4a44f3696cd271c983ee75d3dda55,a22df0b1cdfa4e38cfd929150a9c1c0f71cca42b28e5b2b3798f8189504e1a0a,sha256-utf8-lines-lf-v1
urn:uuid:53a53ca6-2385-5434-ad08-59c966c5cfe2,qa-witness,,qa/LI_COMPLETE_TRANSLATION_FREEZE.json,,,12256,52d23d06d68a3ea80b9ea691a5537e469dfecae338d21496642ad43142f66252,,
urn:uuid:555d4a05-6874-5d6a-8e26-41a0a99db623,source,zh-Hans,authority/source/AlJabr-1-c4f7a01f68f5f407906b4b970640cddbbad85f6b/chapter10.tex,989,1000,140834,dae0d60d2319f62112ea1361bc567c4b0758a805e14aea06be4c71dd10b26489,f3e8e13325ed4e2fc829b30c359db732227b3c7a75a2d5120f27bd4172c77ca6,sha256-utf8-lines-lf-v1
urn:uuid:555d4a05-6874-5d6a-8e26-41a0a99db623,target,id-ID,repo/source/chapter10.tex,989,1000,169341,7d9464e0fb680c67d107f8eb6d501c2b43e4a44f3696cd271c983ee75d3dda55,f3e8e13325ed4e2fc829b30c359db732227b3c7a75a2d5120f27bd4172c77ca6,sha256-utf8-lines-lf-v1
urn:uuid:55ed1ec8-b505-59b6-8f8b-830bf2578708,qa-witness,,repo/source/coverpage-id-full.tex,,,3433,ae6b7629b71e3eb06b1134d7439723436367f9f63921d99159a163ce182169d8,,
urn:uuid:5ca70ff0-588c-573e-896c-26f161139a49,source,zh-Hans,authority/source/AlJabr-1-c4f7a01f68f5f407906b4b970640cddbbad85f6b/chapter10.tex,706,706,140834,dae0d60d2319f62112ea1361bc567c4b0758a805e14aea06be4c71dd10b26489,694a94137e986494b10c107b2edff74a5c6dfafdd4a68a7bacdf7daf6f85e195,sha256-utf8-lines-lf-v1
urn:uuid:5ca70ff0-588c-573e-896c-26f161139a49,target,id-ID,repo/source/chapter10.tex,706,706,169341,7d9464e0fb680c67d107f8eb6d501c2b43e4a44f3696cd271c983ee75d3dda55,6d0bb77f26b92058ec0021a763cf842a04dd78f92ae31dac11f1141678c61119,sha256-utf8-lines-lf-v1
urn:uuid:5fcbc23c-df1d-5383-a003-76e27fdde070,source,zh-Hans,authority/source/AlJabr-1-c4f7a01f68f5f407906b4b970640cddbbad85f6b/chapter10.tex,1235,1235,140834,dae0d60d2319f62112ea1361bc567c4b0758a805e14aea06be4c71dd10b26489,e07ac9dd7dae3b326afdd765ed189adf21a1effea8f43d5f07f44dce86469785,sha256-utf8-lines-lf-v1
urn:uuid:5fcbc23c-df1d-5383-a003-76e27fdde070,target,id-ID,repo/source/chapter10.tex,1235,1235,169341,7d9464e0fb680c67d107f8eb6d501c2b43e4a44f3696cd271c983ee75d3dda55,a6e744cfbb372396dc1180399ebe860f98d6a535d605d015f4bcc3373e176a9e,sha256-utf8-lines-lf-v1
urn:uuid:624ac6e0-0ed9-531c-8b35-47c040240806,rights-component,,artifacts/metode-aljabar-jilid-1-id-lengkap.pdf,,,2875853,c2994530e3da1711d44f8c36315c40874e87f1968d1a81c1432105de2251c2ee,,
urn:uuid:624ac6e0-0ed9-531c-8b35-47c040240806,rights-component,,repo/fonts/FANDOL-AUTHORITY.json,,,2557,1b74145b289d1c87f79f2e633934f10404adf9a4c02349c7db523de63b892a1f,,
urn:uuid:624ac6e0-0ed9-531c-8b35-47c040240806,rights-component,,repo/fonts/GPL-3.0-with-Fandol-font-exception.txt,,,35737,853b586f0d520493390e571431afaf36a5fbb27dcfd239338a7ee9b0505cb004,,
urn:uuid:62538ce1-1cd4-5bcc-829f-4ac155fe2791,source,zh-Hans,authority/source/AlJabr-1-c4f7a01f68f5f407906b4b970640cddbbad85f6b/chapter10.tex,407,407,140834,dae0d60d2319f62112ea1361bc567c4b0758a805e14aea06be4c71dd10b26489,6badb6161ca7bbd6ff5845bc3d10b1ed733f7330f3df0793f50b76be82c37b54,sha256-utf8-lines-lf-v1
urn:uuid:62538ce1-1cd4-5bcc-829f-4ac155fe2791,target,id-ID,repo/source/chapter10.tex,407,407,169341,7d9464e0fb680c67d107f8eb6d501c2b43e4a44f3696cd271c983ee75d3dda55,e797f6992a8f29f0375378f66c31d0adeccf6c441bd4972ee73d7ef9f31a987c,sha256-utf8-lines-lf-v1
urn:uuid:63398f67-4ae0-5b78-baef-51a9012ef45c,source,zh-Hans,authority/source/AlJabr-1-c4f7a01f68f5f407906b4b970640cddbbad85f6b/chapter10.tex,64,64,140834,dae0d60d2319f62112ea1361bc567c4b0758a805e14aea06be4c71dd10b26489,df6718a7aca8da984894e731478fc41d4ff45eb21a16fdfacac63d435a6b2c1d,sha256-utf8-lines-lf-v1
urn:uuid:63398f67-4ae0-5b78-baef-51a9012ef45c,target,id-ID,repo/source/chapter10.tex,64,64,169341,7d9464e0fb680c67d107f8eb6d501c2b43e4a44f3696cd271c983ee75d3dda55,6bf089db5fd9410a747b16df1455a515578571ae5fab0f8e19099cd5b0672ce3,sha256-utf8-lines-lf-v1
urn:uuid:639cf606-4051-5d87-829a-074229a33235,source,zh-Hans,authority/source/AlJabr-1-c4f7a01f68f5f407906b4b970640cddbbad85f6b/chapter10.tex,950,953,140834,dae0d60d2319f62112ea1361bc567c4b0758a805e14aea06be4c71dd10b26489,bfd86500c88246e3d716c0e079c239947bc0eeab53660720976dbeb038cc7470,sha256-utf8-lines-lf-v1
urn:uuid:639cf606-4051-5d87-829a-074229a33235,target,id-ID,repo/source/chapter10.tex,950,953,169341,7d9464e0fb680c67d107f8eb6d501c2b43e4a44f3696cd271c983ee75d3dda55,bfd86500c88246e3d716c0e079c239947bc0eeab53660720976dbeb038cc7470,sha256-utf8-lines-lf-v1
urn:uuid:66a46ae7-28d6-51a3-acf5-4bc2c318091d,source,zh-Hans,authority/source/AlJabr-1-c4f7a01f68f5f407906b4b970640cddbbad85f6b/chapter10.tex,817,976,140834,dae0d60d2319f62112ea1361bc567c4b0758a805e14aea06be4c71dd10b26489,15203051be3affad03dd38aa96103b200b3c0259f7aae43b774436ece2ee8838,sha256-utf8-lines-lf-v1
urn:uuid:66a46ae7-28d6-51a3-acf5-4bc2c318091d,target,id-ID,repo/source/chapter10.tex,817,976,169341,7d9464e0fb680c67d107f8eb6d501c2b43e4a44f3696cd271c983ee75d3dda55,af66c967a112ed1c2fcca2d4772471baf4fc2f78c42c150ba759a7c9098fbe74,sha256-utf8-lines-lf-v1
urn:uuid:689daf58-2b47-5228-b460-5fd2d4cd480b,source,zh-Hans,authority/source/AlJabr-1-c4f7a01f68f5f407906b4b970640cddbbad85f6b/chapter10.tex,1239,1242,140834,dae0d60d2319f62112ea1361bc567c4b0758a805e14aea06be4c71dd10b26489,6d5b06653ed9956689908cf6e27598a051c95c52cace0eb4deb8b054273d8050,sha256-utf8-lines-lf-v1
urn:uuid:689daf58-2b47-5228-b460-5fd2d4cd480b,target,id-ID,repo/source/chapter10.tex,1239,1242,169341,7d9464e0fb680c67d107f8eb6d501c2b43e4a44f3696cd271c983ee75d3dda55,6d5b06653ed9956689908cf6e27598a051c95c52cace0eb4deb8b054273d8050,sha256-utf8-lines-lf-v1
urn:uuid:6c57ff05-90c7-50b4-943d-d4dd3ce477a8,source,zh-Hans,authority/source/AlJabr-1-c4f7a01f68f5f407906b4b970640cddbbad85f6b/chapter10.tex,29,161,140834,dae0d60d2319f62112ea1361bc567c4b0758a805e14aea06be4c71dd10b26489,ccf5d3ad0a5d5ccd9586bd43dc24a0a2b6319032c0fad8adb2d690ecb62d7262,sha256-utf8-lines-lf-v1
urn:uuid:6c57ff05-90c7-50b4-943d-d4dd3ce477a8,target,id-ID,repo/source/chapter10.tex,29,161,169341,7d9464e0fb680c67d107f8eb6d501c2b43e4a44f3696cd271c983ee75d3dda55,c2e86601544f4086e9e341ef37420b246b7d970a8feba854b26f9d314774624a,sha256-utf8-lines-lf-v1
urn:uuid:6cf06f1d-e271-5f41-b235-a44106d008eb,source,zh-Hans,authority/source/AlJabr-1-c4f7a01f68f5f407906b4b970640cddbbad85f6b/chapter10.tex,1,1472,140834,dae0d60d2319f62112ea1361bc567c4b0758a805e14aea06be4c71dd10b26489,43ab2be8b9f2ea0ae68c919c4f6ef708af461fa0759b52c20158769644feef95,sha256-utf8-lines-lf-v1
urn:uuid:6cf06f1d-e271-5f41-b235-a44106d008eb,target,id-ID,repo/source/chapter10.tex,1,1472,169341,7d9464e0fb680c67d107f8eb6d501c2b43e4a44f3696cd271c983ee75d3dda55,7d9464e0fb680c67d107f8eb6d501c2b43e4a44f3696cd271c983ee75d3dda55,sha256-utf8-lines-lf-v1
urn:uuid:6f3a759c-3792-5c98-916a-f99c91f0b961,source,zh-Hans,authority/source/AlJabr-1-c4f7a01f68f5f407906b4b970640cddbbad85f6b/chapter10.tex,708,816,140834,dae0d60d2319f62112ea1361bc567c4b0758a805e14aea06be4c71dd10b26489,b251e0f0599309b1264ed9afda3f119f7e1518f20def7738c9d8e05cac9c8dc9,sha256-utf8-lines-lf-v1
urn:uuid:6f3a759c-3792-5c98-916a-f99c91f0b961,target,id-ID,repo/source/chapter10.tex,708,816,169341,7d9464e0fb680c67d107f8eb6d501c2b43e4a44f3696cd271c983ee75d3dda55,83a02d5c7fe51398cba303a3dcc68930d1dc4bffd347e8389616a04692d01e94,sha256-utf8-lines-lf-v1
urn:uuid:730c96d4-8c25-58d1-b459-e61cc54112e1,source,zh-Hans,authority/source/AlJabr-1-c4f7a01f68f5f407906b4b970640cddbbad85f6b/chapter10.tex,1275,1275,140834,dae0d60d2319f62112ea1361bc567c4b0758a805e14aea06be4c71dd10b26489,547e8a9f19ad5c1bc2a6333ee1c45744adc79bbe2ff3a817e041058d2b368866,sha256-utf8-lines-lf-v1
urn:uuid:730c96d4-8c25-58d1-b459-e61cc54112e1,target,id-ID,repo/source/chapter10.tex,1275,1275,169341,7d9464e0fb680c67d107f8eb6d501c2b43e4a44f3696cd271c983ee75d3dda55,06b2d5cab388ec73c2a6390dc87148a3df31c3b9976b27916f22cdcca921dcca,sha256-utf8-lines-lf-v1
urn:uuid:7544e709-fb4c-5947-84ea-0ba36c1278f6,source,zh-Hans,authority/source/AlJabr-1-c4f7a01f68f5f407906b4b970640cddbbad85f6b/chapter10.tex,977,1114,140834,dae0d60d2319f62112ea1361bc567c4b0758a805e14aea06be4c71dd10b26489,734506158b4e4d4e4990e28ef34c19c637ae44e7e94b368713e2f80ad0516713,sha256-utf8-lines-lf-v1
urn:uuid:7544e709-fb4c-5947-84ea-0ba36c1278f6,target,id-ID,repo/source/chapter10.tex,977,1114,169341,7d9464e0fb680c67d107f8eb6d501c2b43e4a44f3696cd271c983ee75d3dda55,5876f783379f5fb0dd6c553433bc0c29338c36971f9d1fb071d2e76be59bb7f6,sha256-utf8-lines-lf-v1
urn:uuid:7e80ab11-1946-5f19-aae7-c505daccea4a,source,zh-Hans,authority/source/AlJabr-1-c4f7a01f68f5f407906b4b970640cddbbad85f6b/chapter10.tex,1,28,140834,dae0d60d2319f62112ea1361bc567c4b0758a805e14aea06be4c71dd10b26489,570b7c3978e8fd6b8af1f598d535caf3c265f1f98ffb65de7f2b84449cad825e,sha256-utf8-lines-lf-v1
urn:uuid:7e80ab11-1946-5f19-aae7-c505daccea4a,target,id-ID,repo/source/chapter10.tex,1,28,169341,7d9464e0fb680c67d107f8eb6d501c2b43e4a44f3696cd271c983ee75d3dda55,cdfcbdb16554d642d9ed5b23f0765c1859fa79d6deb5ebcadfe13a97f3f1510f,sha256-utf8-lines-lf-v1
urn:uuid:832fb6c4-f6d1-5105-a19e-748b105563b2,source,zh-Hans,authority/source/AlJabr-1-c4f7a01f68f5f407906b4b970640cddbbad85f6b/chapter10.tex,1264,1264,140834,dae0d60d2319f62112ea1361bc567c4b0758a805e14aea06be4c71dd10b26489,5bd39a72abfe266465121c99f8b1b81bbb042b4fb4125103c8b1ad25cffff4f8,sha256-utf8-lines-lf-v1
urn:uuid:832fb6c4-f6d1-5105-a19e-748b105563b2,target,id-ID,repo/source/chapter10.tex,1264,1264,169341,7d9464e0fb680c67d107f8eb6d501c2b43e4a44f3696cd271c983ee75d3dda55,5bd39a72abfe266465121c99f8b1b81bbb042b4fb4125103c8b1ad25cffff4f8,sha256-utf8-lines-lf-v1
urn:uuid:83ba5ae4-53d5-5398-95ef-9a046964c010,source,zh-Hans,authority/source/AlJabr-1-c4f7a01f68f5f407906b4b970640cddbbad85f6b/chapter10.tex,134,137,140834,dae0d60d2319f62112ea1361bc567c4b0758a805e14aea06be4c71dd10b26489,e8ee168b5db7b5308ea3eda809aeb0514e843ab35bafdbae19b28a4f98856608,sha256-utf8-lines-lf-v1
urn:uuid:83ba5ae4-53d5-5398-95ef-9a046964c010,target,id-ID,repo/source/chapter10.tex,134,137,169341,7d9464e0fb680c67d107f8eb6d501c2b43e4a44f3696cd271c983ee75d3dda55,e8ee168b5db7b5308ea3eda809aeb0514e843ab35bafdbae19b28a4f98856608,sha256-utf8-lines-lf-v1
urn:uuid:894d6220-68d9-58d4-a794-9be2146c8600,source,zh-Hans,authority/source/AlJabr-1-c4f7a01f68f5f407906b4b970640cddbbad85f6b/chapter10.tex,768,768,140834,dae0d60d2319f62112ea1361bc567c4b0758a805e14aea06be4c71dd10b26489,1a4951808ee17f22ca74fba0f05144bba46df07ccb2e4f72652e9de9e0fb65ec,sha256-utf8-lines-lf-v1
urn:uuid:894d6220-68d9-58d4-a794-9be2146c8600,target,id-ID,repo/source/chapter10.tex,768,768,169341,7d9464e0fb680c67d107f8eb6d501c2b43e4a44f3696cd271c983ee75d3dda55,c3f6e996dba872c09dddce7e1ba504ee0862b1891969b77a5bdedf012d6f8780,sha256-utf8-lines-lf-v1
urn:uuid:96cc0ca4-62b1-5300-9643-fb90e347f58b,source,zh-Hans,authority/source/AlJabr-1-c4f7a01f68f5f407906b4b970640cddbbad85f6b/chapter10.tex,326,403,140834,dae0d60d2319f62112ea1361bc567c4b0758a805e14aea06be4c71dd10b26489,d79b6fb1fbba74e08e04d089929944c17c3295207b746a839ce0f2fdd11b1e05,sha256-utf8-lines-lf-v1
urn:uuid:96cc0ca4-62b1-5300-9643-fb90e347f58b,target,id-ID,repo/source/chapter10.tex,326,403,169341,7d9464e0fb680c67d107f8eb6d501c2b43e4a44f3696cd271c983ee75d3dda55,be9c5fcc7d65d84072b5efb22d37b182897db2aaee6d2d1d116c5e63e8bd4517,sha256-utf8-lines-lf-v1
urn:uuid:99a4c864-689a-547c-8ff0-0bf167ce407f,source,zh-Hans,authority/source/AlJabr-1-c4f7a01f68f5f407906b4b970640cddbbad85f6b/chapter10.tex,1339,1341,140834,dae0d60d2319f62112ea1361bc567c4b0758a805e14aea06be4c71dd10b26489,06001e181e8a4ba194420e3e00140b8276cc48885bd72b91ddc401d19053c290,sha256-utf8-lines-lf-v1
urn:uuid:99a4c864-689a-547c-8ff0-0bf167ce407f,target,id-ID,repo/source/chapter10.tex,1339,1341,169341,7d9464e0fb680c67d107f8eb6d501c2b43e4a44f3696cd271c983ee75d3dda55,49b1af70e906a1b8576f81c2ea31bfb7b28311d8b21812a302b13590d5a551e9,sha256-utf8-lines-lf-v1
urn:uuid:a0826ffa-2485-52cf-8a3f-ca5b0520a108,source,zh-Hans,authority/source/AlJabr-1-c4f7a01f68f5f407906b4b970640cddbbad85f6b/chapter10.tex,329,329,140834,dae0d60d2319f62112ea1361bc567c4b0758a805e14aea06be4c71dd10b26489,4a17f4119ffa96dadda3f81c1175867bf3de44a5f864f1ac37b76776c5d181fa,sha256-utf8-lines-lf-v1
urn:uuid:a0826ffa-2485-52cf-8a3f-ca5b0520a108,target,id-ID,repo/source/chapter10.tex,329,329,169341,7d9464e0fb680c67d107f8eb6d501c2b43e4a44f3696cd271c983ee75d3dda55,8bc238d686e14eb0fcd80b868aca7d62fd0593deec3a00533aca513cd68cab86,sha256-utf8-lines-lf-v1
urn:uuid:a570d755-641a-50bc-8311-6250cedd7bcf,source,zh-Hans,authority/source/AlJabr-1-c4f7a01f68f5f407906b4b970640cddbbad85f6b/chapter10.tex,768,768,140834,dae0d60d2319f62112ea1361bc567c4b0758a805e14aea06be4c71dd10b26489,1a4951808ee17f22ca74fba0f05144bba46df07ccb2e4f72652e9de9e0fb65ec,sha256-utf8-lines-lf-v1
urn:uuid:a570d755-641a-50bc-8311-6250cedd7bcf,target,id-ID,repo/source/chapter10.tex,768,768,169341,7d9464e0fb680c67d107f8eb6d501c2b43e4a44f3696cd271c983ee75d3dda55,c3f6e996dba872c09dddce7e1ba504ee0862b1891969b77a5bdedf012d6f8780,sha256-utf8-lines-lf-v1
urn:uuid:a5ce411a-fba3-5cf9-8e26-96247c7e451a,source,zh-Hans,authority/source/AlJabr-1-c4f7a01f68f5f407906b4b970640cddbbad85f6b/chapter10.tex,768,768,140834,dae0d60d2319f62112ea1361bc567c4b0758a805e14aea06be4c71dd10b26489,1a4951808ee17f22ca74fba0f05144bba46df07ccb2e4f72652e9de9e0fb65ec,sha256-utf8-lines-lf-v1
urn:uuid:a5ce411a-fba3-5cf9-8e26-96247c7e451a,target,id-ID,repo/source/chapter10.tex,768,768,169341,7d9464e0fb680c67d107f8eb6d501c2b43e4a44f3696cd271c983ee75d3dda55,c3f6e996dba872c09dddce7e1ba504ee0862b1891969b77a5bdedf012d6f8780,sha256-utf8-lines-lf-v1
urn:uuid:ad48d53f-232d-5b2a-a016-5edc1b89b58e,source,zh-Hans,authority/source/AlJabr-1-c4f7a01f68f5f407906b4b970640cddbbad85f6b/chapter10.tex,588,588,140834,dae0d60d2319f62112ea1361bc567c4b0758a805e14aea06be4c71dd10b26489,309256a2ffb3a0f22bf03c7b7a3418f3706e24165980f0b4c907301f7a227968,sha256-utf8-lines-lf-v1
urn:uuid:ad48d53f-232d-5b2a-a016-5edc1b89b58e,target,id-ID,repo/source/chapter10.tex,588,588,169341,7d9464e0fb680c67d107f8eb6d501c2b43e4a44f3696cd271c983ee75d3dda55,517478ddc52ca09cf035c30003a309c0606d47d19892467c3e17890fec2a88ea,sha256-utf8-lines-lf-v1
urn:uuid:b0a83cc4-f83f-5e03-8213-891609095821,source,zh-Hans,authority/source/AlJabr-1-c4f7a01f68f5f407906b4b970640cddbbad85f6b/chapter10.tex,980,980,140834,dae0d60d2319f62112ea1361bc567c4b0758a805e14aea06be4c71dd10b26489,487e117877e26100fbbd4f42ee2a88076c78f1c5b91df0357d311c51342fe56f,sha256-utf8-lines-lf-v1
urn:uuid:b0a83cc4-f83f-5e03-8213-891609095821,target,id-ID,repo/source/chapter10.tex,980,980,169341,7d9464e0fb680c67d107f8eb6d501c2b43e4a44f3696cd271c983ee75d3dda55,89a69ede0ed5f18ca4329497dfc8d64142d2a53f64c88d7f517b419938afbbbb,sha256-utf8-lines-lf-v1
urn:uuid:b296ce50-5d1e-5153-a6b8-2ac3218f5780,source,zh-Hans,authority/source/AlJabr-1-c4f7a01f68f5f407906b4b970640cddbbad85f6b/chapter10.tex,1454,1454,140834,dae0d60d2319f62112ea1361bc567c4b0758a805e14aea06be4c71dd10b26489,0cc110bcd9b713f6a70b8e9e1240804ef736822b9dcb5f99e21ffce46f3fdc93,sha256-utf8-lines-lf-v1
urn:uuid:b296ce50-5d1e-5153-a6b8-2ac3218f5780,target,id-ID,repo/source/chapter10.tex,1454,1454,169341,7d9464e0fb680c67d107f8eb6d501c2b43e4a44f3696cd271c983ee75d3dda55,e8a4f8e67daabcf38eec0ef12ceeba7af06934c5dafcc361f9cbde1f7f0b04c8,sha256-utf8-lines-lf-v1
urn:uuid:b6037834-98c8-5631-b34a-9130cfcfcac4,source,zh-Hans,authority/source/AlJabr-1-c4f7a01f68f5f407906b4b970640cddbbad85f6b/chapter10.tex,513,513,140834,dae0d60d2319f62112ea1361bc567c4b0758a805e14aea06be4c71dd10b26489,f75dc7dee3bc28fbf5e7e2ff0eceae81bfce00a54edc3bd0eb7d5a47f24a055a,sha256-utf8-lines-lf-v1
urn:uuid:b6037834-98c8-5631-b34a-9130cfcfcac4,target,id-ID,repo/source/chapter10.tex,513,513,169341,7d9464e0fb680c67d107f8eb6d501c2b43e4a44f3696cd271c983ee75d3dda55,24c2f3c5f9bc882427b22fd3f975fff9fa1db376073175dfd8bcf5a8dc138976,sha256-utf8-lines-lf-v1
urn:uuid:b78821c3-ed87-5840-80af-112bc4f495d5,source,zh-Hans,authority/source/AlJabr-1-c4f7a01f68f5f407906b4b970640cddbbad85f6b/chapter10.tex,689,689,140834,dae0d60d2319f62112ea1361bc567c4b0758a805e14aea06be4c71dd10b26489,f97d6443e0bfc0d14e99d78eaaefc94b16608e58194265e042922449287bf29a,sha256-utf8-lines-lf-v1
urn:uuid:b78821c3-ed87-5840-80af-112bc4f495d5,target,id-ID,repo/source/chapter10.tex,689,689,169341,7d9464e0fb680c67d107f8eb6d501c2b43e4a44f3696cd271c983ee75d3dda55,f35d947a924c73bdbfc2359fdebebf8c26b8c515c045f64504ce3c4034af9c53,sha256-utf8-lines-lf-v1
urn:uuid:b9f7a7a7-8e18-507a-b72e-b5de733a7430,rights-component,,repo/fonts/OFL-1.1-Noto-CJK.txt,,,4301,6a73f9541c2de74158c0e7cf6b0a58ef774f5a780bf191f2d7ec9cc53efe2bf2,,
urn:uuid:bb283d74-8ee9-55eb-aec9-da1c5803e835,source,zh-Hans,authority/source/AlJabr-1-c4f7a01f68f5f407906b4b970640cddbbad85f6b/chapter10.tex,335,335,140834,dae0d60d2319f62112ea1361bc567c4b0758a805e14aea06be4c71dd10b26489,cd644e2e078eec07be5ddc3337aaffd9a9faeba5eacccd26ebacbec9a640b9a1,sha256-utf8-lines-lf-v1
urn:uuid:bb283d74-8ee9-55eb-aec9-da1c5803e835,target,id-ID,repo/source/chapter10.tex,335,335,169341,7d9464e0fb680c67d107f8eb6d501c2b43e4a44f3696cd271c983ee75d3dda55,948fbd632df50cfdae195d559493c923f827ca89ee0fee88d3f019c5a20c82df,sha256-utf8-lines-lf-v1
urn:uuid:bbae130d-02c1-52b7-8a5a-c9d3c17e55b1,source,zh-Hans,authority/source/AlJabr-1-c4f7a01f68f5f407906b4b970640cddbbad85f6b/chapter10.tex,1266,1269,140834,dae0d60d2319f62112ea1361bc567c4b0758a805e14aea06be4c71dd10b26489,a727bf26c1ca7349e9a1e16d735c2ef47b80870d54aa561f347e978433702f5d,sha256-utf8-lines-lf-v1
urn:uuid:bbae130d-02c1-52b7-8a5a-c9d3c17e55b1,target,id-ID,repo/source/chapter10.tex,1266,1269,169341,7d9464e0fb680c67d107f8eb6d501c2b43e4a44f3696cd271c983ee75d3dda55,a727bf26c1ca7349e9a1e16d735c2ef47b80870d54aa561f347e978433702f5d,sha256-utf8-lines-lf-v1
urn:uuid:bc3c537a-5427-54bd-be3b-6c413db9aee1,source,zh-Hans,authority/source/AlJabr-1-c4f7a01f68f5f407906b4b970640cddbbad85f6b/chapter10.tex,73,73,140834,dae0d60d2319f62112ea1361bc567c4b0758a805e14aea06be4c71dd10b26489,b37a5abd129f6d4e22fc9ae1bba6c6db835c6165f129e8bd5dfe708369d00562,sha256-utf8-lines-lf-v1
urn:uuid:bc3c537a-5427-54bd-be3b-6c413db9aee1,target,id-ID,repo/source/chapter10.tex,73,73,169341,7d9464e0fb680c67d107f8eb6d501c2b43e4a44f3696cd271c983ee75d3dda55,f0f5445a299399f8992fa88f28f69cd504610dfdfd04b8d8056e6f34208c5f97,sha256-utf8-lines-lf-v1
urn:uuid:bdee8560-dea7-5cb1-b015-303496f1b991,source,zh-Hans,authority/source/AlJabr-1-c4f7a01f68f5f407906b4b970640cddbbad85f6b/chapter10.tex,154,157,140834,dae0d60d2319f62112ea1361bc567c4b0758a805e14aea06be4c71dd10b26489,8c3f26c2a5627db47791761dd0ab1ccc21f6b349dcc6fba2f018085e3e2da9d1,sha256-utf8-lines-lf-v1
urn:uuid:bdee8560-dea7-5cb1-b015-303496f1b991,target,id-ID,repo/source/chapter10.tex,154,157,169341,7d9464e0fb680c67d107f8eb6d501c2b43e4a44f3696cd271c983ee75d3dda55,8c3f26c2a5627db47791761dd0ab1ccc21f6b349dcc6fba2f018085e3e2da9d1,sha256-utf8-lines-lf-v1
urn:uuid:bf0c8a25-ed17-53e1-b6ce-61c54833316c,source,zh-Hans,authority/source/AlJabr-1-c4f7a01f68f5f407906b4b970640cddbbad85f6b/chapter10.tex,1218,1218,140834,dae0d60d2319f62112ea1361bc567c4b0758a805e14aea06be4c71dd10b26489,5e692375396cd60117e3c19283fefb6ed1aeb98d11dbec6bde8de558937229a5,sha256-utf8-lines-lf-v1
urn:uuid:bf0c8a25-ed17-53e1-b6ce-61c54833316c,target,id-ID,repo/source/chapter10.tex,1218,1218,169341,7d9464e0fb680c67d107f8eb6d501c2b43e4a44f3696cd271c983ee75d3dda55,afaefad8c3c45e98dbaa57565958d314c344313ed33ccb098c5e079643fe5c40,sha256-utf8-lines-lf-v1
urn:uuid:bf51ba13-030c-57bb-aa12-45eea5516f06,source,zh-Hans,authority/source/AlJabr-1-c4f7a01f68f5f407906b4b970640cddbbad85f6b/chapter10.tex,1024,1024,140834,dae0d60d2319f62112ea1361bc567c4b0758a805e14aea06be4c71dd10b26489,09c283a2de689cceae50a83cdb2f532b70a4931ef2a961b03dcce09ebce6d6aa,sha256-utf8-lines-lf-v1
urn:uuid:bf51ba13-030c-57bb-aa12-45eea5516f06,target,id-ID,repo/source/chapter10.tex,1024,1024,169341,7d9464e0fb680c67d107f8eb6d501c2b43e4a44f3696cd271c983ee75d3dda55,0546e92db421fea5fd1c7a9356b73eda8960a00772926a44145e97983c35712f,sha256-utf8-lines-lf-v1
urn:uuid:c25e0072-be4f-5564-bf32-113af6c62b09,qa-witness,,qa/LI_COMPLETE_VISUAL_QA_20260829.json,,,2458,05cb40afb267762383ade4d268ffdf27f8ce61b279411f18a5a4821e2d03f724,,
urn:uuid:c31dd6d4-03a5-507e-b6e0-3b6a1c61b2ec,source,zh-Hans,authority/source/AlJabr-1-c4f7a01f68f5f407906b4b970640cddbbad85f6b/chapter10.tex,1362,1364,140834,dae0d60d2319f62112ea1361bc567c4b0758a805e14aea06be4c71dd10b26489,603aee2f1c9fbc16977a0a520ba4c016eea3a3ed77e4c49ce0339462fceb72f0,sha256-utf8-lines-lf-v1
urn:uuid:c31dd6d4-03a5-507e-b6e0-3b6a1c61b2ec,target,id-ID,repo/source/chapter10.tex,1362,1364,169341,7d9464e0fb680c67d107f8eb6d501c2b43e4a44f3696cd271c983ee75d3dda55,603aee2f1c9fbc16977a0a520ba4c016eea3a3ed77e4c49ce0339462fceb72f0,sha256-utf8-lines-lf-v1
urn:uuid:c3a7df75-8890-5bd5-9636-3be1de5a0d45,source,zh-Hans,authority/source/AlJabr-1-c4f7a01f68f5f407906b4b970640cddbbad85f6b/chapter10.tex,402,402,140834,dae0d60d2319f62112ea1361bc567c4b0758a805e14aea06be4c71dd10b26489,6e8957597073674eb185d85291d25b633bf9b3cea86a55338d8515fa35089071,sha256-utf8-lines-lf-v1
urn:uuid:c3a7df75-8890-5bd5-9636-3be1de5a0d45,target,id-ID,repo/source/chapter10.tex,402,402,169341,7d9464e0fb680c67d107f8eb6d501c2b43e4a44f3696cd271c983ee75d3dda55,bda305d07acac88dc58a937686eb20b6f394f71c2f3125ad503ed7fd0555dd81,sha256-utf8-lines-lf-v1
urn:uuid:c4d06b07-11d6-55e9-ae59-29a250d4a3e7,source,zh-Hans,authority/source/AlJabr-1-c4f7a01f68f5f407906b4b970640cddbbad85f6b/chapter10.tex,165,165,140834,dae0d60d2319f62112ea1361bc567c4b0758a805e14aea06be4c71dd10b26489,ea349137187205adca4b596d8fc9b4906fd0991fd939cef547bc7e4a86bb4dbc,sha256-utf8-lines-lf-v1
urn:uuid:c4d06b07-11d6-55e9-ae59-29a250d4a3e7,target,id-ID,repo/source/chapter10.tex,165,165,169341,7d9464e0fb680c67d107f8eb6d501c2b43e4a44f3696cd271c983ee75d3dda55,21b30408ae2f7223f268d9bf685d086eb918d0a16044236f28075dda1c7c916e,sha256-utf8-lines-lf-v1
urn:uuid:c8d86b7a-0ec8-57f1-aeb1-662f542e3aaf,source,zh-Hans,authority/source/AlJabr-1-c4f7a01f68f5f407906b4b970640cddbbad85f6b/chapter10.tex,690,704,140834,dae0d60d2319f62112ea1361bc567c4b0758a805e14aea06be4c71dd10b26489,dbf887c2e62b4680ba93d3492ad7bd907e52ac1977b708e2c02d1d63fbea7edf,sha256-utf8-lines-lf-v1
urn:uuid:c8d86b7a-0ec8-57f1-aeb1-662f542e3aaf,target,id-ID,repo/source/chapter10.tex,690,704,169341,7d9464e0fb680c67d107f8eb6d501c2b43e4a44f3696cd271c983ee75d3dda55,dbf887c2e62b4680ba93d3492ad7bd907e52ac1977b708e2c02d1d63fbea7edf,sha256-utf8-lines-lf-v1
urn:uuid:cb448757-056c-5ea8-8628-ad6c133bbea4,source,zh-Hans,authority/source/AlJabr-1-c4f7a01f68f5f407906b4b970640cddbbad85f6b/chapter10.tex,720,720,140834,dae0d60d2319f62112ea1361bc567c4b0758a805e14aea06be4c71dd10b26489,44d311c5dab7d274415ad6b353481df27a232c63ca3242f430ffb491a23f6a2d,sha256-utf8-lines-lf-v1
urn:uuid:cb448757-056c-5ea8-8628-ad6c133bbea4,target,id-ID,repo/source/chapter10.tex,720,720,169341,7d9464e0fb680c67d107f8eb6d501c2b43e4a44f3696cd271c983ee75d3dda55,fd5b44992dc83b85a6b6758ecb65e11972fd7cb52f56abd9581a1ea459c8fdb2,sha256-utf8-lines-lf-v1
urn:uuid:cb58330f-9197-53e2-b57b-b25c798e74a0,source,zh-Hans,authority/source/AlJabr-1-c4f7a01f68f5f407906b4b970640cddbbad85f6b/chapter10.tex,1011,1015,140834,dae0d60d2319f62112ea1361bc567c4b0758a805e14aea06be4c71dd10b26489,ed87ae4dc6ec9b1fac5e6721b9cc9e6b0ebc6ae8c512ef8004b7a35704b681d2,sha256-utf8-lines-lf-v1
urn:uuid:cb58330f-9197-53e2-b57b-b25c798e74a0,target,id-ID,repo/source/chapter10.tex,1011,1015,169341,7d9464e0fb680c67d107f8eb6d501c2b43e4a44f3696cd271c983ee75d3dda55,645b69bacb0ba47ccd1471d8f0f7719c04b8a237963965e26d1a290fb273a857,sha256-utf8-lines-lf-v1
urn:uuid:ccccb784-a4a1-5282-bc0e-7205dddc0103,source,zh-Hans,authority/source/AlJabr-1-c4f7a01f68f5f407906b4b970640cddbbad85f6b/chapter10.tex,382,385,140834,dae0d60d2319f62112ea1361bc567c4b0758a805e14aea06be4c71dd10b26489,e2982adbddb8fcfdf00d775823a1d11d50324367b97d67ca11ec1db549b3e024,sha256-utf8-lines-lf-v1
urn:uuid:ccccb784-a4a1-5282-bc0e-7205dddc0103,target,id-ID,repo/source/chapter10.tex,382,385,169341,7d9464e0fb680c67d107f8eb6d501c2b43e4a44f3696cd271c983ee75d3dda55,e2982adbddb8fcfdf00d775823a1d11d50324367b97d67ca11ec1db549b3e024,sha256-utf8-lines-lf-v1
urn:uuid:cd1f4b7a-2607-5cc9-8f71-064b7d66edcd,build-artifact,,artifacts/metode-aljabar-jilid-1-id-lengkap.pdf,,,2875853,c2994530e3da1711d44f8c36315c40874e87f1968d1a81c1432105de2251c2ee,,
urn:uuid:cd1f4b7a-2607-5cc9-8f71-064b7d66edcd,build-input,,repo/source/Al-jabr.bib,,,29580,4979570eb4e3a9edcddd2f975790e56c98dcb3201e03e0a1fbdd64ba60c8263e,,
urn:uuid:cd1f4b7a-2607-5cc9-8f71-064b7d66edcd,build-input,,repo/source/chapter10.tex,,,169341,7d9464e0fb680c67d107f8eb6d501c2b43e4a44f3696cd271c983ee75d3dda55,,
urn:uuid:cd1f4b7a-2607-5cc9-8f71-064b7d66edcd,build-input,,repo/source/full-reader-id.tex,,,2987,bcd12bc5663513e406a1c29af299cf986dcf1856179aadca9ed08406c9c6dfb5,,
urn:uuid:cd1f4b7a-2607-5cc9-8f71-064b7d66edcd,build-log,,qa/LI_COMPLETE_BUILD_FINAL.log,,,113458,95cb040d490d7dcc91a296b2a254604fa557b16cb07d4130a6dbf8c2b7a447d1,,
urn:uuid:cd1f4b7a-2607-5cc9-8f71-064b7d66edcd,build-script,,scripts/build_li_complete.ps1,,,4263,4f7561d8ad7c975f14b48f57ea758a29d0daed882aa8c1e2bd1e7ed6cd03eaf6,,
urn:uuid:cd1f4b7a-2607-5cc9-8f71-064b7d66edcd,driver,,repo/source/full-reader-id.tex,,,2987,bcd12bc5663513e406a1c29af299cf986dcf1856179aadca9ed08406c9c6dfb5,,
urn:uuid:d156a116-1b48-5d34-98c6-d793d04bb09e,qa-witness,,qa/LI_COMPLETE_BUILD_FINAL.log,,,113458,95cb040d490d7dcc91a296b2a254604fa557b16cb07d4130a6dbf8c2b7a447d1,,
urn:uuid:dbd35781-6491-53ba-a191-5497459c4b96,source,zh-Hans,authority/source/AlJabr-1-c4f7a01f68f5f407906b4b970640cddbbad85f6b/chapter10.tex,213,213,140834,dae0d60d2319f62112ea1361bc567c4b0758a805e14aea06be4c71dd10b26489,ff377f8ab5270e3125e5495fbc417a3bd3acb116ddc3b79b152c0fad3ff83edc,sha256-utf8-lines-lf-v1
urn:uuid:dbd35781-6491-53ba-a191-5497459c4b96,target,id-ID,repo/source/chapter10.tex,213,213,169341,7d9464e0fb680c67d107f8eb6d501c2b43e4a44f3696cd271c983ee75d3dda55,b92ea87a395e9d6ecc1f768e6a56929ace962bc68fee5dc62b373483853359d1,sha256-utf8-lines-lf-v1
urn:uuid:df18501e-ff08-5b8e-9dbf-716c48429336,source,zh-Hans,authority/source/AlJabr-1-c4f7a01f68f5f407906b4b970640cddbbad85f6b/chapter10.tex,64,64,140834,dae0d60d2319f62112ea1361bc567c4b0758a805e14aea06be4c71dd10b26489,df6718a7aca8da984894e731478fc41d4ff45eb21a16fdfacac63d435a6b2c1d,sha256-utf8-lines-lf-v1
urn:uuid:df18501e-ff08-5b8e-9dbf-716c48429336,target,id-ID,repo/source/chapter10.tex,64,64,169341,7d9464e0fb680c67d107f8eb6d501c2b43e4a44f3696cd271c983ee75d3dda55,6bf089db5fd9410a747b16df1455a515578571ae5fab0f8e19099cd5b0672ce3,sha256-utf8-lines-lf-v1
urn:uuid:df2d23de-7370-5da5-ad49-42fb7c718c49,archive,,authority/archives/AlJabr-1-c4f7a01f68f5f407906b4b970640cddbbad85f6b.zip,,,6050739,6c8c416baa8f5ffc8810bbad6470c780413bd7917af739e07340e4b07e7eaff6,,
urn:uuid:df2d23de-7370-5da5-ad49-42fb7c718c49,official_pdf,,authority/pdfs/Al-jabr-1.pdf,,,3647113,dc751a2d5146edc9f9638471ff3fac4107eab8dd0d3331803581a06998663c38,,
urn:uuid:df2d23de-7370-5da5-ad49-42fb7c718c49,source_manifest,,00_control/SOURCE_MANIFEST.csv,,,3383,40125010171d4fa37c3312c454c3c2767325bcb27c4229c255a25b297265eb99,,
urn:uuid:e18339ae-66cd-5304-b544-b220dd41380d,rights-component,,repo/source/Lanzhou.png,,,276766,6000d7740aab58f1959c07af2c057680e2518dcc75b225f3180ed4b996fe9455,,
urn:uuid:e1f906c7-cb8d-5a22-81ac-97dcf2e41754,source,zh-Hans,authority/source/AlJabr-1-c4f7a01f68f5f407906b4b970640cddbbad85f6b/chapter10.tex,1288,1291,140834,dae0d60d2319f62112ea1361bc567c4b0758a805e14aea06be4c71dd10b26489,fa8d2834aad298033d2a660b190d5f242cbdaaa2a6b317201c4ff494bf46e185,sha256-utf8-lines-lf-v1
urn:uuid:e1f906c7-cb8d-5a22-81ac-97dcf2e41754,target,id-ID,repo/source/chapter10.tex,1288,1291,169341,7d9464e0fb680c67d107f8eb6d501c2b43e4a44f3696cd271c983ee75d3dda55,fa8d2834aad298033d2a660b190d5f242cbdaaa2a6b317201c4ff494bf46e185,sha256-utf8-lines-lf-v1
urn:uuid:e626fc3c-5aea-5b5b-bd40-4439a32d24f8,source,zh-Hans,authority/source/AlJabr-1-c4f7a01f68f5f407906b4b970640cddbbad85f6b/chapter10.tex,162,325,140834,dae0d60d2319f62112ea1361bc567c4b0758a805e14aea06be4c71dd10b26489,891494d709ff80eed81d3eb5f2bbf6f5608a05f0f085f839247adc5de6a555a5,sha256-utf8-lines-lf-v1
urn:uuid:e626fc3c-5aea-5b5b-bd40-4439a32d24f8,target,id-ID,repo/source/chapter10.tex,162,325,169341,7d9464e0fb680c67d107f8eb6d501c2b43e4a44f3696cd271c983ee75d3dda55,08e0a548df06b45153042bc15ba037a3242e353495eb365904e74bb137374c1f,sha256-utf8-lines-lf-v1
urn:uuid:e896d119-6fe8-5373-b7b1-696bed8b5c0c,source,zh-Hans,authority/source/AlJabr-1-c4f7a01f68f5f407906b4b970640cddbbad85f6b/chapter10.tex,1221,1221,140834,dae0d60d2319f62112ea1361bc567c4b0758a805e14aea06be4c71dd10b26489,fa713bbd161609ba06333a7be56a8391bbfadc910da9a942fdefb4ca1f75e399,sha256-utf8-lines-lf-v1
urn:uuid:e896d119-6fe8-5373-b7b1-696bed8b5c0c,target,id-ID,repo/source/chapter10.tex,1221,1221,169341,7d9464e0fb680c67d107f8eb6d501c2b43e4a44f3696cd271c983ee75d3dda55,0dc5e34654e0e27877f89bd155c4c0d77c598af03af811e82d91eeed58028479,sha256-utf8-lines-lf-v1
urn:uuid:ea036501-b67c-5917-b59d-ca843db358bc,source,zh-Hans,authority/source/AlJabr-1-c4f7a01f68f5f407906b4b970640cddbbad85f6b/chapter10.tex,656,656,140834,dae0d60d2319f62112ea1361bc567c4b0758a805e14aea06be4c71dd10b26489,d40f9aec2ed96514956a61b79c859a10987f0bae3d7440e966a318638453b66c,sha256-utf8-lines-lf-v1
urn:uuid:ea036501-b67c-5917-b59d-ca843db358bc,target,id-ID,repo/source/chapter10.tex,656,656,169341,7d9464e0fb680c67d107f8eb6d501c2b43e4a44f3696cd271c983ee75d3dda55,45061b6ba1c7b85b22f5167cb5b7f1007669b0452e7ef908258ae45f6ef48130,sha256-utf8-lines-lf-v1
urn:uuid:ecfee501-1571-5324-8537-d4acc6e382a1,source,zh-Hans,authority/source/AlJabr-1-c4f7a01f68f5f407906b4b970640cddbbad85f6b/chapter10.tex,1351,1354,140834,dae0d60d2319f62112ea1361bc567c4b0758a805e14aea06be4c71dd10b26489,a14008c28a204fbf0d4ae05a86b8c430beeee64d52c03e2d69e8871d95105f28,sha256-utf8-lines-lf-v1
urn:uuid:ecfee501-1571-5324-8537-d4acc6e382a1,target,id-ID,repo/source/chapter10.tex,1351,1354,169341,7d9464e0fb680c67d107f8eb6d501c2b43e4a44f3696cd271c983ee75d3dda55,a14008c28a204fbf0d4ae05a86b8c430beeee64d52c03e2d69e8871d95105f28,sha256-utf8-lines-lf-v1
urn:uuid:ee40d15d-f1c5-5edc-90d2-d937e704bbe9,source,zh-Hans,authority/source/AlJabr-1-c4f7a01f68f5f407906b4b970640cddbbad85f6b/chapter10.tex,1157,1157,140834,dae0d60d2319f62112ea1361bc567c4b0758a805e14aea06be4c71dd10b26489,715ac10d15ba16ec4e17d53a0f28b4b1aba950641ffb28ca96173f20a4913dba,sha256-utf8-lines-lf-v1
urn:uuid:ee40d15d-f1c5-5edc-90d2-d937e704bbe9,target,id-ID,repo/source/chapter10.tex,1157,1157,169341,7d9464e0fb680c67d107f8eb6d501c2b43e4a44f3696cd271c983ee75d3dda55,4a638ec728c0a40221492c07c7e127dfeaecb3b59c8c521c9fe5d32e22508320,sha256-utf8-lines-lf-v1
urn:uuid:f1eaebb1-e9c5-5c73-845e-911437907461,source,zh-Hans,authority/source/AlJabr-1-c4f7a01f68f5f407906b4b970640cddbbad85f6b/chapter10.tex,604,604,140834,dae0d60d2319f62112ea1361bc567c4b0758a805e14aea06be4c71dd10b26489,99357f14cd2494dad2dc6cbbaef740397b4b14ed7511f1833cb2bfc6b395ef8b,sha256-utf8-lines-lf-v1
urn:uuid:f1eaebb1-e9c5-5c73-845e-911437907461,target,id-ID,repo/source/chapter10.tex,604,604,169341,7d9464e0fb680c67d107f8eb6d501c2b43e4a44f3696cd271c983ee75d3dda55,99357f14cd2494dad2dc6cbbaef740397b4b14ed7511f1833cb2bfc6b395ef8b,sha256-utf8-lines-lf-v1
urn:uuid:f3e19bf5-c77d-5c54-ad05-7efaa782d72e,source,zh-Hans,authority/source/AlJabr-1-c4f7a01f68f5f407906b4b970640cddbbad85f6b/chapter10.tex,146,149,140834,dae0d60d2319f62112ea1361bc567c4b0758a805e14aea06be4c71dd10b26489,b99220bb50609e3cdaeb0af04bc37aeeccfb34572af7e065b6f9a732b170290f,sha256-utf8-lines-lf-v1
urn:uuid:f3e19bf5-c77d-5c54-ad05-7efaa782d72e,target,id-ID,repo/source/chapter10.tex,146,149,169341,7d9464e0fb680c67d107f8eb6d501c2b43e4a44f3696cd271c983ee75d3dda55,b99220bb50609e3cdaeb0af04bc37aeeccfb34572af7e065b6f9a732b170290f,sha256-utf8-lines-lf-v1
urn:uuid:f5d1ad4a-1be0-5b39-b361-8d9137039c65,source,zh-Hans,authority/source/AlJabr-1-c4f7a01f68f5f407906b4b970640cddbbad85f6b/chapter10.tex,404,600,140834,dae0d60d2319f62112ea1361bc567c4b0758a805e14aea06be4c71dd10b26489,90cd22e749d267519246396e0fb88109f2f11a013578c6c660c7f9260bb5a7c1,sha256-utf8-lines-lf-v1
urn:uuid:f5d1ad4a-1be0-5b39-b361-8d9137039c65,target,id-ID,repo/source/chapter10.tex,404,600,169341,7d9464e0fb680c67d107f8eb6d501c2b43e4a44f3696cd271c983ee75d3dda55,d95e41f3dc8247648ad0c71e9bda0c3cf746d4163b4435516ba31469241757b0,sha256-utf8-lines-lf-v1
urn:uuid:f97ba841-4b56-5780-82d4-ba24d74f1dd9,source,zh-Hans,authority/source/AlJabr-1-c4f7a01f68f5f407906b4b970640cddbbad85f6b/chapter10.tex,346,346,140834,dae0d60d2319f62112ea1361bc567c4b0758a805e14aea06be4c71dd10b26489,a533f4b4ace36e6a94a9d7268f9f9254a669e1ae4e5e9796101a4b809699e52e,sha256-utf8-lines-lf-v1
urn:uuid:f97ba841-4b56-5780-82d4-ba24d74f1dd9,target,id-ID,repo/source/chapter10.tex,346,346,169341,7d9464e0fb680c67d107f8eb6d501c2b43e4a44f3696cd271c983ee75d3dda55,cecd0e7a621c95c1e712d4018f92992f1009befdc862a8e39c5c5a4f8158e007,sha256-utf8-lines-lf-v1
urn:uuid:fc21d1cd-75eb-5e03-808b-0d50b4938656,source,zh-Hans,authority/source/AlJabr-1-c4f7a01f68f5f407906b4b970640cddbbad85f6b/chapter10.tex,329,329,140834,dae0d60d2319f62112ea1361bc567c4b0758a805e14aea06be4c71dd10b26489,4a17f4119ffa96dadda3f81c1175867bf3de44a5f864f1ac37b76776c5d181fa,sha256-utf8-lines-lf-v1
urn:uuid:fc21d1cd-75eb-5e03-808b-0d50b4938656,target,id-ID,repo/source/chapter10.tex,329,329,169341,7d9464e0fb680c67d107f8eb6d501c2b43e4a44f3696cd271c983ee75d3dda55,8bc238d686e14eb0fcd80b868aca7d62fd0593deec3a00533aca513cd68cab86,sha256-utf8-lines-lf-v1
urn:uuid:ff6ff6a7-9ff5-5adc-b774-9926b2c8130b,source,zh-Hans,authority/source/AlJabr-1-c4f7a01f68f5f407906b4b970640cddbbad85f6b/chapter10.tex,720,720,140834,dae0d60d2319f62112ea1361bc567c4b0758a805e14aea06be4c71dd10b26489,44d311c5dab7d274415ad6b353481df27a232c63ca3242f430ffb491a23f6a2d,sha256-utf8-lines-lf-v1
urn:uuid:ff6ff6a7-9ff5-5adc-b774-9926b2c8130b,target,id-ID,repo/source/chapter10.tex,720,720,169341,7d9464e0fb680c67d107f8eb6d501c2b43e4a44f3696cd271c983ee75d3dda55,fd5b44992dc83b85a6b6758ecb65e11972fd7cb52f56abd9581a1ea459c8fdb2,sha256-utf8-lines-lf-v1
