link_id,root_id,order_in_root,kind,command,source_record,target_record,source_value,target_value,keys,owner_entity_id,resolved_ids,resolution
label.nakayama.0001,root.cring.nakayama,1,label,label,7,7,nakayama,nakayama,nakayama,theorem.nakayama.0001,label.nakayama.0001,selected-component-label
ref.nakayama.0001,root.cring.nakayama,2,ref,cref,37,37,nakayama,nakayama,nakayama,section.nakayama.0001,label.nakayama.0001,selected-component-label
label.nakayama.0002,root.cring.nakayama,3,label,label,74,74,idempotentideal,idempotentideal,idempotentideal,theorem.nakayama.0004,label.nakayama.0002,selected-component-label
ref.nakayama.0002,root.cring.nakayama,4,ref,rref,86,86,idempotentideal,idempotentideal,idempotentideal,exercise.nakayama.0001,label.nakayama.0002,selected-component-label
ref.nakayama.0003,root.cring.nakayama,5,ref,rref,104,104,Jacobson,Jacobson,Jacobson,exercise.nakayama.0004,external.cring.label.jacobson,authority-external-label
label.nakayama.0003,root.cring.nakayama,6,label,label,135,135,splitcriterion1,splitcriterion1,splitcriterion1,theorem.nakayama.0005,label.nakayama.0003,selected-component-label
ref.nakayama.0004,root.cring.nakayama,7,ref,cref,198,198,splitcriterion1,splitcriterion1,splitcriterion1,section.nakayama.0001,label.nakayama.0003,selected-component-label
ref.spec_zariski.0001,root.cring.spec_zariski,1,ref,rref,19,19,twovarpoly,twovarpoly,twovarpoly,section.spec_zariski.0001,label.spec_zariski.0001,selected-component-label
label.spec_zariski.0001,root.cring.spec_zariski,2,label,label,122,122,twovarpoly,twovarpoly,twovarpoly,example.spec_zariski.0002,label.spec_zariski.0001,selected-component-label
ref.spec_zariski.0002,root.cring.spec_zariski,3,ref,rref,144,144,gennullstellensatz,gennullstellensatz,gennullstellensatz,example.spec_zariski.0002,label.nullstellensatz_normalization.0002,selected-component-label
ref.spec_zariski.0003,root.cring.spec_zariski,4,ref,rref,235,235,twovarpoly,twovarpoly,twovarpoly,section.spec_zariski.0003,label.spec_zariski.0001,selected-component-label
ref.spec_zariski.0004,root.cring.spec_zariski,5,ref,rref,262,262,def-radical-ideal,def-radical-ideal,def-radical-ideal,definition.spec_zariski.0003,external.cring.label.def_radical_ideal,authority-external-label
label.spec_zariski.0002,root.cring.spec_zariski,6,label,label,319,319,radprimescontaining,radprimescontaining,radprimescontaining,theorem.spec_zariski.0006,label.spec_zariski.0002,selected-component-label
label.spec_zariski.0003,root.cring.spec_zariski,7,label,label,359,359,sublemmamultclosed,sublemmamultclosed,sublemmamultclosed,theorem.spec_zariski.0007,label.spec_zariski.0003,selected-component-label
ref.spec_zariski.0005,root.cring.spec_zariski,8,ref,rref,374,374,anycontainedinmaximal,anycontainedinmaximal,anycontainedinmaximal,section.spec_zariski.0003,external.cring.label.anycontainedinmaximal,authority-external-label
ref.spec_zariski.0006,root.cring.spec_zariski,9,ref,cref,431,431,sublemmamultclosed,sublemmamultclosed,sublemmamultclosed,section.spec_zariski.0004,label.spec_zariski.0003,selected-component-label
citation.spec_zariski.0001,root.cring.spec_zariski,10,citation,cite,435,435,LaRe08,LaRe08,LaRe08,section.spec_zariski.0004,bibliography.cring.lare08,authority-bibliography
label.spec_zariski.0004,root.cring.spec_zariski,11,label,label,449,449,okafamily,okafamily,okafamily,definition.spec_zariski.0004,label.spec_zariski.0004,selected-component-label
label.spec_zariski.0005,root.cring.spec_zariski,12,label,label,456,456,exm:okacard,exm:okacard,exm:okacard,example.spec_zariski.0004,label.spec_zariski.0005,selected-component-label
citation.spec_zariski.0002,root.cring.spec_zariski,13,citation,cite,485,485,LaRe08,LaRe08,LaRe08,theorem.spec_zariski.0009,bibliography.cring.lare08,authority-bibliography
label.spec_zariski.0006,root.cring.spec_zariski,14,label,label,485,485,okathm,okathm,okathm,theorem.spec_zariski.0009,label.spec_zariski.0006,selected-component-label
label.spec_zariski.0007,root.cring.spec_zariski,15,label,label,502,502,primenoetherian,primenoetherian,primenoetherian,theorem.spec_zariski.0010,label.spec_zariski.0007,selected-component-label
ref.spec_zariski.0007,root.cring.spec_zariski,16,ref,rref,517,517,okathm,okathm,okathm,section.spec_zariski.0004,label.spec_zariski.0006,selected-component-label
label.spec_zariski.0008,root.cring.spec_zariski,17,label,label,537,537,remark-cohen-bound-cardinality,remark-cohen-bound-cardinality,remark-cohen-bound-cardinality,remark.spec_zariski.0001,label.spec_zariski.0008,selected-component-label
ref.spec_zariski.0008,root.cring.spec_zariski,18,ref,rref,540,540,exm:okacard,exm:okacard,exm:okacard,remark.spec_zariski.0001,label.spec_zariski.0005,selected-component-label
ref.spec_zariski.0009,root.cring.spec_zariski,19,ref,rref,541,541,okathm,okathm,okathm,remark.spec_zariski.0001,label.spec_zariski.0006,selected-component-label
label.spec_zariski.0009,root.cring.spec_zariski,20,label,label,858,858,semilocal,semilocal,semilocal,exercise.spec_zariski.0008,label.spec_zariski.0009,selected-component-label
label.associated_primary.0001,root.cring.associated_primary,1,label,label,111,111,assmnonempty,assmnonempty,assmnonempty,theorem.associated_primary.0002,label.associated_primary.0001,selected-component-label
ref.associated_primary.0001,root.cring.associated_primary,2,ref,rref,139,139,assmnonempty,assmnonempty,assmnonempty,example.associated_primary.0002,label.associated_primary.0001,selected-component-label
label.associated_primary.0002,root.cring.associated_primary,3,label,label,156,156,finiteassm,finiteassm,finiteassm,theorem.associated_primary.0003,label.associated_primary.0002,selected-component-label
label.associated_primary.0003,root.cring.associated_primary,4,label,label,164,164,assexact,assexact,assexact,theorem.associated_primary.0004,label.associated_primary.0003,selected-component-label
ref.associated_primary.0002,root.cring.associated_primary,5,ref,rref,201,201,finiteassm,finiteassm,finiteassm,section.associated_primary.0003,label.associated_primary.0002,selected-component-label
label.associated_primary.0004,root.cring.associated_primary,6,label,label,206,206,filtrationlemma,filtrationlemma,filtrationlemma,theorem.associated_primary.0005,label.associated_primary.0004,selected-component-label
label.associated_primary.0005,root.cring.associated_primary,7,label,label,206,206,devissage,devissage,devissage,theorem.associated_primary.0005,label.associated_primary.0005,selected-component-label
ref.associated_primary.0003,root.cring.associated_primary,8,ref,rref,241,241,finiteassm,finiteassm,finiteassm,section.associated_primary.0003,label.associated_primary.0002,selected-component-label
ref.associated_primary.0004,root.cring.associated_primary,9,ref,rref,248,248,assexact,assexact,assexact,section.associated_primary.0003,label.associated_primary.0003,selected-component-label
label.associated_primary.0006,root.cring.associated_primary,10,label,label,266,266,assmdichotomy,assmdichotomy,assmdichotomy,theorem.associated_primary.0006,label.associated_primary.0006,selected-component-label
ref.associated_primary.0005,root.cring.associated_primary,11,ref,cref,278,278,finiteassm,finiteassm,finiteassm,section.associated_primary.0003,label.associated_primary.0002,selected-component-label
ref.associated_primary.0006,root.cring.associated_primary,12,ref,cref,280,280,primeavoidance,primeavoidance,primeavoidance,section.associated_primary.0003,external.cring.label.primeavoidance,authority-external-label
ref.associated_primary.0007,root.cring.associated_primary,13,ref,cref,283,283,assmfinite,assmfinite,assmfinite,section.associated_primary.0003,external.cring.label.assmfinite,authority-external-label
label.associated_primary.0007,root.cring.associated_primary,14,label,label,319,319,assmlocalization,assmlocalization,assmlocalization,theorem.associated_primary.0007,label.associated_primary.0007,selected-component-label
label.associated_primary.0008,root.cring.associated_primary,15,label,label,374,374,supportassociated,supportassociated,supportassociated,theorem.associated_primary.0008,label.associated_primary.0008,selected-component-label
ref.associated_primary.0008,root.cring.associated_primary,16,ref,rref,403,403,assmlocalization,assmlocalization,assmlocalization,section.associated_primary.0005,label.associated_primary.0007,selected-component-label
label.associated_primary.0009,root.cring.associated_primary,17,label,label,411,411,suppisclosed,suppisclosed,suppisclosed,theorem.associated_primary.0009,label.associated_primary.0009,selected-component-label
ref.associated_primary.0009,root.cring.associated_primary,18,ref,rref,425,425,suppisclosed,suppisclosed,suppisclosed,example.associated_primary.0003,label.associated_primary.0009,selected-component-label
ref.associated_primary.0010,root.cring.associated_primary,19,ref,rref,437,437,supportassociated,supportassociated,supportassociated,section.associated_primary.0005,label.associated_primary.0008,selected-component-label
ref.associated_primary.0011,root.cring.associated_primary,20,ref,rref,483,483,nilpcriterion,nilpcriterion,nilpcriterion,remark.associated_primary.0001,external.cring.label.nilpcriterion,authority-external-label
ref.associated_primary.0012,root.cring.associated_primary,21,ref,rref,484,484,spec,spec,spec,remark.associated_primary.0001,external.cring.label.spec,authority-external-label
label.associated_primary.0010,root.cring.associated_primary,22,label,label,518,518,whenisprimary,whenisprimary,whenisprimary,theorem.associated_primary.0012,label.associated_primary.0010,selected-component-label
ref.associated_primary.0013,root.cring.associated_primary,23,ref,rref,531,531,assexact,assexact,assexact,section.associated_primary.0006,label.associated_primary.0003,selected-component-label
ref.associated_primary.0014,root.cring.associated_primary,24,ref,rref,533,533,assmnonempty,assmnonempty,assmnonempty,section.associated_primary.0006,label.associated_primary.0001,selected-component-label
ref.associated_primary.0015,root.cring.associated_primary,25,ref,rref,538,538,whenisprimary,whenisprimary,whenisprimary,section.associated_primary.0006,label.associated_primary.0010,selected-component-label
label.associated_primary.0011,root.cring.associated_primary,26,label,label,562,562,whenisprimary2,whenisprimary2,whenisprimary2,theorem.associated_primary.0014,label.associated_primary.0011,selected-component-label
ref.associated_primary.0016,root.cring.associated_primary,27,ref,rref,570,570,whenisprimary,whenisprimary,whenisprimary,section.associated_primary.0006,label.associated_primary.0010,selected-component-label
ref.associated_primary.0017,root.cring.associated_primary,28,ref,rref,591,591,whenisprimary,whenisprimary,whenisprimary,section.associated_primary.0006,label.associated_primary.0010,selected-component-label
ref.associated_primary.0018,root.cring.associated_primary,29,ref,rref,602,602,whenisprimary2,whenisprimary2,whenisprimary2,example.associated_primary.0004,label.associated_primary.0011,selected-component-label
label.associated_primary.0012,root.cring.associated_primary,30,label,label,653,653,irrediscoprimary,irrediscoprimary,irrediscoprimary,theorem.associated_primary.0015,label.associated_primary.0012,selected-component-label
ref.associated_primary.0019,root.cring.associated_primary,31,ref,rref,698,698,irrediscoprimary,irrediscoprimary,irrediscoprimary,section.associated_primary.0009,label.associated_primary.0012,selected-component-label
ref.lying_over_going_up.0001,root.cring.lying_over_going_up,1,ref,rref,7,7,noetherian,noetherian,noetherian,section.lying_over_going_up.0001,external.cring.label.noetherian,authority-external-label
label.lying_over_going_up.0001,root.cring.lying_over_going_up,2,label,label,23,23,lyingover,lyingover,lyingover,theorem.lying_over_going_up.0001,label.lying_over_going_up.0001,selected-component-label
label.lying_over_going_up.0002,root.cring.lying_over_going_up,3,label,label,83,83,thingdoesn'tgenerate,thingdoesn'tgenerate,thingdoesn'tgenerate,formula.lying_over_going_up.0065,label.lying_over_going_up.0002,selected-component-label
ref.lying_over_going_up.0002,root.cring.lying_over_going_up,4,ref,eqref,86,86,thingdoesn'tgenerate,thingdoesn'tgenerate,thingdoesn'tgenerate,section.lying_over_going_up.0002,label.lying_over_going_up.0002,selected-component-label
ref.lying_over_going_up.0003,root.cring.lying_over_going_up,5,ref,cref,91,91,nakayama,nakayama,nakayama,section.lying_over_going_up.0002,label.nakayama.0001,selected-component-label
ref.lying_over_going_up.0004,root.cring.lying_over_going_up,6,ref,eqref,94,94,thingdoesn'tgenerate,thingdoesn'tgenerate,thingdoesn'tgenerate,section.lying_over_going_up.0002,label.lying_over_going_up.0002,selected-component-label
ref.lying_over_going_up.0005,root.cring.lying_over_going_up,7,ref,eqref,99,99,thingdoesn'tgenerate,thingdoesn'tgenerate,thingdoesn'tgenerate,section.lying_over_going_up.0002,label.lying_over_going_up.0002,selected-component-label
ref.lying_over_going_up.0006,root.cring.lying_over_going_up,8,ref,cref,105,105,finitelygeneratedintegral,finitelygeneratedintegral,finitelygeneratedintegral,section.lying_over_going_up.0002,external.cring.label.finitelygeneratedintegral,authority-external-label
label.lying_over_going_up.0003,root.cring.lying_over_going_up,9,label,label,144,144,incomparableintegral,incomparableintegral,incomparableintegral,theorem.lying_over_going_up.0002,label.lying_over_going_up.0003,selected-component-label
ref.lying_over_going_up.0007,root.cring.lying_over_going_up,10,ref,cref,184,184,lyingover,lyingover,lyingover,section.lying_over_going_up.0002,label.lying_over_going_up.0001,selected-component-label
ref.lying_over_going_up.0008,root.cring.lying_over_going_up,11,ref,cref,188,188,incomparableintegral,incomparableintegral,incomparableintegral,section.lying_over_going_up.0002,label.lying_over_going_up.0003,selected-component-label
ref.lying_over_going_up.0009,root.cring.lying_over_going_up,12,ref,cref,209,209,lyingover,lyingover,lyingover,section.lying_over_going_up.0003,label.lying_over_going_up.0001,selected-component-label
ref.lying_over_going_up.0010,root.cring.lying_over_going_up,13,ref,cref,226,226,lyingover,lyingover,lyingover,section.lying_over_going_up.0003,label.lying_over_going_up.0001,selected-component-label
ref.lying_over_going_up.0011,root.cring.lying_over_going_up,14,ref,cref,233,233,lyingover,lyingover,lyingover,section.lying_over_going_up.0003,label.lying_over_going_up.0001,selected-component-label
label.nullstellensatz_normalization.0001,root.cring.nullstellensatz_normalization,1,label,label,12,12,nullstellensatzoverC,nullstellensatzoverC,nullstellensatzoverC,theorem.nullstellensatz_normalization.0001,label.nullstellensatz_normalization.0001,selected-component-label
ref.nullstellensatz_normalization.0001,root.cring.nullstellensatz_normalization,2,ref,rref,23,23,nullstellensatzoverC,nullstellensatzoverC,nullstellensatzoverC,section.nullstellensatz_normalization.0002,label.nullstellensatz_normalization.0001,selected-component-label
label.nullstellensatz_normalization.0002,root.cring.nullstellensatz_normalization,3,label,label,222,222,gennullstellensatz,gennullstellensatz,gennullstellensatz,theorem.nullstellensatz_normalization.0005,label.nullstellensatz_normalization.0002,selected-component-label
ref.nullstellensatz_normalization.0002,root.cring.nullstellensatz_normalization,4,ref,cref,248,248,gennullstellensatz,gennullstellensatz,gennullstellensatz,section.nullstellensatz_normalization.0004,label.nullstellensatz_normalization.0002,selected-component-label
citation.nullstellensatz_normalization.0001,root.cring.nullstellensatz_normalization,5,citation,cite,278,278,Mc76,Mc76,Mc76,exercise.nullstellensatz_normalization.0001,bibliography.cring.mc76,authority-bibliography
label.krull_dimension.0001,root.cring.krull_dimension,1,label,label,11,11,integervalued,integervalued,integervalued,theorem.krull_dimension.0001,label.krull_dimension.0001,selected-component-label
label.krull_dimension.0002,root.cring.krull_dimension,2,label,label,116,116,hilbfnispolynomial,hilbfnispolynomial,hilbfnispolynomial,theorem.krull_dimension.0002,label.krull_dimension.0002,selected-component-label
label.krull_dimension.0003,root.cring.krull_dimension,3,label,label,143,143,easydimcomputation,easydimcomputation,easydimcomputation,example.krull_dimension.0003,label.krull_dimension.0003,selected-component-label
label.krull_dimension.0004,root.cring.krull_dimension,4,label,label,144,144,dimaffineline,dimaffineline,dimaffineline,example.krull_dimension.0003,label.krull_dimension.0004,selected-component-label
ref.krull_dimension.0001,root.cring.krull_dimension,5,ref,rref,154,154,easydimcomputation,easydimcomputation,easydimcomputation,example.krull_dimension.0004,label.krull_dimension.0003,selected-component-label
label.krull_dimension.0005,root.cring.krull_dimension,6,label,label,157,157,dimaffineplane,dimaffineplane,dimaffineplane,example.krull_dimension.0005,label.krull_dimension.0005,selected-component-label
ref.krull_dimension.0002,root.cring.krull_dimension,7,ref,rref,168,168,dimaffineline,dimaffineline,dimaffineline,section.krull_dimension.0003,label.krull_dimension.0004,selected-component-label
ref.krull_dimension.0003,root.cring.krull_dimension,8,ref,rref,168,168,dimaffineplane,dimaffineplane,dimaffineplane,section.krull_dimension.0003,label.krull_dimension.0005,selected-component-label
ref.krull_dimension.0004,root.cring.krull_dimension,9,ref,rref,198,198,hilbfnispolynomial,hilbfnispolynomial,hilbfnispolynomial,section.krull_dimension.0004,label.krull_dimension.0002,selected-component-label
ref.krull_dimension.0005,root.cring.krull_dimension,10,ref,rref,200,200,hilbfnispolynomial,hilbfnispolynomial,hilbfnispolynomial,section.krull_dimension.0004,label.krull_dimension.0002,selected-component-label
label.krull_dimension.0006,root.cring.krull_dimension,11,label,label,236,236,hilbfngeneral,hilbfngeneral,hilbfngeneral,theorem.krull_dimension.0004,label.krull_dimension.0006,selected-component-label
ref.krull_dimension.0006,root.cring.krull_dimension,12,ref,rref,247,247,hilbfngeneral,hilbfngeneral,hilbfngeneral,section.krull_dimension.0004,label.krull_dimension.0006,selected-component-label
label.krull_dimension.0007,root.cring.krull_dimension,13,label,label,315,315,hilbertlocalring,hilbertlocalring,hilbertlocalring,theorem.krull_dimension.0005,label.krull_dimension.0007,selected-component-label
ref.krull_dimension.0007,root.cring.krull_dimension,14,ref,rref,319,319,hilbfngeneral,hilbfngeneral,hilbfngeneral,section.krull_dimension.0004,label.krull_dimension.0006,selected-component-label
ref.krull_dimension.0008,root.cring.krull_dimension,15,ref,rref,336,336,integervalued,integervalued,integervalued,section.krull_dimension.0004,label.krull_dimension.0001,selected-component-label
ref.krull_dimension.0009,root.cring.krull_dimension,16,ref,rref,341,341,hilbertlocalring,hilbertlocalring,hilbertlocalring,section.krull_dimension.0005,label.krull_dimension.0007,selected-component-label
label.krull_dimension.0008,root.cring.krull_dimension,17,label,label,382,382,dimexactseq,dimexactseq,dimexactseq,theorem.krull_dimension.0007,label.krull_dimension.0008,selected-component-label
ref.krull_dimension.0010,root.cring.krull_dimension,18,ref,rref,485,485,filtrationlemma,filtrationlemma,filtrationlemma,section.krull_dimension.0006,label.associated_primary.0004,selected-component-label
ref.krull_dimension.0011,root.cring.krull_dimension,19,ref,rref,485,485,noetherian,noetherian,noetherian,section.krull_dimension.0006,external.cring.label.noetherian,authority-external-label
ref.krull_dimension.0012,root.cring.krull_dimension,20,ref,rref,491,491,dimexactseq,dimexactseq,dimexactseq,section.krull_dimension.0006,label.krull_dimension.0008,selected-component-label
label.krull_dimension.0009,root.cring.krull_dimension,21,label,label,607,607,dimdropsbyone,dimdropsbyone,dimdropsbyone,theorem.krull_dimension.0013,label.krull_dimension.0009,selected-component-label
ref.krull_dimension.0013,root.cring.krull_dimension,22,ref,rref,782,782,subsectiondimension,subsectiondimension,subsectiondimension,section.krull_dimension.0011,external.cring.label.subsectiondimension,authority-external-label
label.krull_dimension.0010,root.cring.krull_dimension,23,label,label,932,932,hauptv1,hauptv1,hauptv1,theorem.krull_dimension.0018,label.krull_dimension.0010,selected-component-label
ref.krull_dimension.0014,root.cring.krull_dimension,24,ref,cref,971,971,hauptv1,hauptv1,hauptv1,section.krull_dimension.0013,label.krull_dimension.0010,selected-component-label
citation.krull_dimension.0001,root.cring.krull_dimension,25,citation,cite,981,981,EGA,EGA,EGA,section.krull_dimension.0013,bibliography.cring.ega,authority-bibliography
